timestamp,event,description
2026-01-31 20:58:12,AI_DECISION,"Predicted=482, Mode=NORMAL"
2026-01-31 21:13:08,AI_DECISION,"Predicted=482, Mode=NORMAL"
2026-01-31 21:25:12,AI_DECISION,"Predicted=482, Mode=NORMAL"
2026-01-31 21:35:53,AI_DECISION,"Predicted=482, Mode=NORMAL"
2026-01-31 21:39:47,AI_DECISION,"Predicted=482, Mode=NORMAL"
2026-01-31 21:53:07,AI_DECISION,"Predicted=482, Mode=NORMAL"
2026-01-31 21:58:16,AI_DECISION,"Predicted=482, Mode=NORMAL"
2026-01-31 21:58:27,AI_DECISION,"Predicted=482, Mode=NORMAL"
2026-01-31 22:02:28,AI_DECISION,"Predicted=482, Mode=NORMAL"
2026-01-31 22:07:51,AI_DECISION,"Predicted=482, Mode=NORMAL"
2026-02-01 12:51:30,BACKEND_DOWN,"HTTPConnectionPool(host='localhost', port=5000): Max retries exceeded with url: /health (Caused by ConnectTimeoutError(<urllib3.connection.HTTPConnection object at 0x000002DF35439490>, 'Connection to localhost timed out. (connect timeout=2)'))"
2026-02-01 12:54:00,BACKEND_ERROR,500 Server Error: INTERNAL SERVER ERROR for url: http://127.0.0.1:5000/urban_ai_staffing
2026-02-02 14:30:33,AI_DECISION,"Predicted=482, Mode=NORMAL"
2026-02-02 14:38:12,AI_DECISION,"Predicted=482, Mode=NORMAL"
2026-02-02 15:02:34,AI_DECISION,"Predicted=482, Mode=NORMAL"
2026-02-02 15:12:29,AI_DECISION,"Predicted=482, Mode=NORMAL"
2026-02-03 15:04:11,AI_DECISION,"Predicted=490, Mode=NORMAL"
2026-02-03 15:08:48,AI_DECISION,"Predicted=482, Mode=NORMAL"
2026-02-03 15:41:33,AI_DECISION,"Predicted=500, Mode=NORMAL"
2026-02-03 15:45:42,AI_DECISION,"Predicted=501, Mode=NORMAL"
2026-02-03 15:57:02,AI_DECISION,"Predicted=499, Mode=NORMAL"
2026-02-03 16:06:50,AI_DECISION,"Predicted=502, Mode=NORMAL"
2026-02-03 20:51:55,AI_DECISION,"Predicted=482, Mode=NORMAL"
2026-02-04 10:55:04,AI_DECISION,"Predicted=482, Mode=NORMAL"
2026-02-04 10:57:15,STAFF_ADDED,Added staff din (DOC-2026-0005)
2026-02-04 10:57:52,STAFF_UPDATED,Updated staff DOC-2026-0005
2026-02-04 10:58:48,AI_DECISION,"Predicted=482, Mode=NORMAL"
2026-02-04 11:00:53,AI_DECISION,"Predicted=482, Mode=NORMAL"
2026-02-04 11:01:14,AI_DECISION,"Predicted=482, Mode=NORMAL"
2026-02-04 11:11:53,AI_DECISION,"Predicted=612, Mode=NORMAL"
